2,諸川春樹、利倉隆,『聖母マリアの美術』,美術出版社,1998,4568400457
2,シルヴィ・バルネイ,『知の発見双書　聖母マリア』,創元社,2001,4422211552
2,石鍋真澄,『聖母の都市シエナ : 中世イタリアの都市国家と美術』,吉川弘文館,1988,4642072489
2,"フランソワ・ベスフルグ, エバーハルト・ケーニヒ",『ベリー公のいとも美しき時祷書』,岩波書店,2002,4000082256
2,"新倉俊一, 神沢栄三, 天沢退二郎",『フランス中世文学集４　奇蹟と愛と』,白水社,1996,4560046034
5,逸見・原田・藤枝編著　立教大学RSLセンター編集,『リベラルアーツとしてのサービスラーニングーシティズンシップを耕す教育ー』,北樹出版,2017,9784779305306
16,土井健司,『キリスト教を問いなおす』,筑摩書房,2003,4-480-06125-8
16,C.S.ルイス,『四つの愛』,新教出版社,1977,BN03058148
16,椎名麟三,『私の聖書物語』,中公文庫,1973,BA3116684X
16,マザー・テレサ／ホセ・ルイス・ゴンザレス－バラド,『マザー・テレサ 愛と祈りのことば』,PHP文庫,2000,4569554989
19,ダンテ,『神曲 地獄篇』、平川祐弘訳,河出文庫,2008,978-4-309-46311-7
19,アルベルティ,『絵画論』　改訂新版、三輪福松訳,中央公論美術出版,2011,978-4-8055-0675-2
19,ヴァザーリ,『美術家列伝』、森田義之ほか監修、第一巻,中央公論美術出版,2014,978-4-8055-1601-0
19,ボッカッチョ,『デカメロン』、平川祐弘訳,河出書房新社,2012,978-4-309-20604-2
20,星野宏美著,『メンデルスゾーンのスコットランド交響曲』,音楽之友社,2003,""
20,フライア・ホフマン著、玉川裕子訳,『音楽と身体』,春秋社,2004,""
20,星野宏美編・解説,『玉川大学教育博物館所蔵 メンデルスゾーン自筆ピアノ譜 ゲーテの詩に基づく《最初のワルプルギスの夜》』,雄松堂,2005,""
20,玉川裕子著,『ドイツ市民社会における音楽文化のジェンダー化』,日本ドイツ学会編『ドイツ研究』第42号,2008,""
20,星野宏美解説,『メンデルスゾーン交響曲 第３番 イ短調 作品56（音楽の友ミニチュア・スコア）』,音楽之友社,2009,""
20,星野宏美著,『メンデルスゾーン家の日曜音楽会――ベルリンのサロンの系譜において』,尾関幸編『ベルリン――砂上のメトロポール』（竹林舎）,2015,""
20,玉川裕子編・著,『クラシック音楽と女性たち』,青弓社,2015,""
21,元森絵里子,『語られない「子ども」の近代――未成年者保護制度の歴史社会学』,勁草書房,2014,978-4-326-60268-1
37,渋谷秀樹・赤坂正浩,『憲法１・２（第６版）』,有斐閣,2016,""
38,渋谷秀樹・赤坂正浩,『憲法１・２（第６版）』,有斐閣,2016,""
41,ミーダーン,『“鏡”としてのパレスチナ―ナクバから同時代を問う』,現代企画室,2010,978-4773810073
41,ミアシャイマー,『イスラエルロビーとアメリカの外交政策』,講談社,2007,978-4062140096
42,エルンスト H. ゴンブリッチ,『美術の物語』,ファイドン,2011,""
42,高階秀爾監修,『カラー版　西洋美術史』,美術出版社,2002,""
42,水野千依編集,『西洋の美術史　造形篇I　古代から初期ルネサンスまで』,幻冬舎,2013,""
42,水野千依編集,『西洋の美術史　造形篇II　盛期ルネサンスから十九世紀末まで』,幻冬舎,2013,""
42,青柳正規他監修,『西洋美術館』,小学館,1999,""
43,高階秀爾、三浦篤,『西洋美術史ハンドブック』,新書館,1997,4403250246
52,今谷和徳・井上さつき,『フランス音楽史』,春秋社,2010,9784393931875
52,フランソワ・ ポルシル,『ベル・エポックの音楽家たち』,水声社,2016,9784801001695
54,岡田暁生,『西洋音楽史―「クラシック」の黄昏』,中央公論新社,2005,4121018168
54,グラウト／パリスカ,『新西洋音楽史（上）』,音楽之友社,1998,9784276112124
54,グラウト／パリスカ,『新西洋音楽史（中）』,音楽之友社,2001,9784276112131
54,グラウト／パリスカ,『新西洋音楽史（下）』,音楽之友社,1998,9784276112148
55,有馬 賢治、岡本純ほか,『マーケティング・オン・ビジネス』,新世社,2015,""
55,有馬 賢治,『マーケティング・ブレンド―戦略手段管理の新視角』,白桃書房,2006,""
57,辻村みよ子,『ジェンダーと人権 歴史と理論から学ぶ』,日本評論社,2008,4535515832
68,A.E.マクグラス（高柳俊一訳),『宗教改革の思想』,教文館,2000,ISBN4-7642-7194-X
69,田仲一成,『中国演劇史』,東京大学出版会,1998,4130800914
69,W.J.オング,『声の文化と文字の文化』,藤原書店,1991,4938661365
70,安村敏信,『江戸の絵師「暮らしと稼ぎ」』,小学館,2008,978-4096261408
72,大澤千恵子,『見えない世界の物語』,講談社,2014,""
73,大澤千恵子,『見えない世界の物語』,講談社,2014,""
77,前原昭二,『記号論理入門』,日本評論社,"",""
77,野矢茂樹,『論理学』,東京大学出版会,"",""
77,戸田山和久,『論理学をつくる』,名古屋大学出版会,"",""
77,小野寛明,『情報科学における論理』,日本評論社,"",""
77,鹿島亮,『数理論理学』,朝倉書店,"",""
77,福山克,『数理論理学』,培風館,"",""
77,松本和夫,『数理論理学』,共立出版,"",""
79,中野勝郎・崔先鎬　他,『立憲主義と市民社会』,法政大学出版局,2012,""
81,石井洋二郎,『異郷への誘惑：旅するフランス作家たち』,東京大学出版会,2009,9784130830522
81,ピアーズ・ブレンドン,『トマス・クック物語：近代ツーリズムの創始者』,中央公論社,1995,4120024806
89,薬袋奈津子・室田昌子・加藤仁美著,『生活の視点でとく都市計画』,彰国社,2016,""
89,竹中克行編著,『人文地理学への招待』,ミネルヴァ書房,2015,""
89,西村幸夫・野澤康編著,『まちの見方・調べ方』,朝倉書店,2010,""
89,大貝彰・宮田譲・青木伸一編著,『都市・地域・環境概論』,朝倉書店,2013,""
98,平川秀幸,『科学は誰のものか』,NHK出版,2010,""
98,吉見俊哉,『大学とは何か』,岩波書店,2011,""
100,村山祐司編,『地域研究』,朝倉書店,2006,""
100,梶田　真他編,『地域ことはじめ』,ナカニシヤ出版,2012,""
101,九里徳泰 ほか編,新訂 地球環境の教科書10講,東京書籍,2014,978-4-487-80831-1
101,西岡秀三 ほか編,改訂新版　地球環境がわかる,技術評論社,2015,978-4774171814
102,田仲一成,『中国演劇史』,東京大学出版会,1998,4130800914
102,W.J.オング,『声の文化と文字の文化』,藤原書店,1991,4938661365
104,小田垣雅也,『キリスト教の歴史』,講談社,1995,4061591789
104,H.W.ジャンソン,『西洋美術の歴史』,創元社,2001,4422700073
104,森口弘美,『知的障害者の「親元からの自立」を実現する実践』,ミネルヴァ書房,2015,4623074595
104,岩澤 信夫,『不耕起でよみがえる』,創森社,2003,4883401685
106,戸田山和久,『新版　論文の教室　レポートから卒論まで』,NHKブックス,2012,""
113,松本康編,『都市社会学・入門』,有斐閣アルマ,2014,""
113,速水健朗,『東京β　更新され続ける都市の物語』,筑摩書房,2016,""
113,橋本健二,『階級都市‐格差が街を侵食する』,ちくま新書,2011,""
113,野澤千絵,『老いる家 崩れる街 住宅過剰社会の末路』,講談社現代新書,2016,""
113,東浩紀・大山顕,『ショッピングモールから考える ユートピア・バックヤード・未来都市』,幻冬舎新書,2016,""
113,隈研吾・清野由美,『新・都市論TOKYO』,集英社新書,2008,""
114,長岡　英,『オケ奏者なら知っておきたいクラシックの常識』,アルテスパブリッシング,2014,78-4903951904
115,齋藤勝裕,『絶対わかる有機化学』,講談社,2003,978-4-06-155052-0
118,佐々木健一,『美学への招待』,中公新書,2004,4121017412
118,小田部胤久,『西洋美学史』,東京大学出版会,2009,9784130120586
118,カロル・タロン＝ユゴン,『美学への手引き』,白水社,2015,9784560510025
118,西村清和,『現代アートの哲学』,産業図書,1995,9784782802021
120,小倉・齊藤編著,『新訂経営学入門』,放送大学教育振興会,2014,ISBN978-4-595-31367-7
120,榊原清則,『経営学入門［上］＜第2版＞』,日本経済新聞社,2015,ISBN978-4-532-11282-0
120,榊原清則,『経営学入門［下］＜第2版＞』,日本経済新聞社,2015,ISBN978-4-532-11283-7
121,岩井浩・福島利夫・菊地進・藤江昌嗣編著,『格差社会の統計分析』,北海道大学出版会,2009年 3000円+税,""
122,遅塚 忠躬,『史学概論』,東京大学出版会,2010,978-4130211000
122,小田中 直樹,『歴史学ってなんだ?』,PHP研究所,2004,978-4569632698
122,E.H. カー（著） 清水 幾太郎 （翻訳）,『歴史とは何か』,岩波書店,1962,978-4004130017
122,服部 良久,『人文学への接近法 ―西洋史を学ぶ』,京都大学学術出版会,2010,978-4876989485
122,E・マイヤー （著）、 M・ウェーバー （著）、森岡 弘通 （翻訳）,『歴史は科学か』,みすず書房,1965,978-4622005148
122,土肥 恒之,『西洋史学の先駆者たち』,中央公論新社,2012,978-4120043987
122,大戸 千之,『歴史と事実―ポストモダンの歴史学批判をこえて』,京都大学学術出版会,2012,978-4876988570
125,小森宏美,『エストニアの政治と歴史認識』,三元社,2009,9784883032402
125,横手慎二,『スターリン：「非道の独裁者」の実像』,中央公論新社,2014,9784121022745
125,渋谷謙次郎,『法を通してみたロシア国家』,ウェッジ,2015,9784863101524
125,塩川伸明,『民族と言語（多民族国家ソ連の興亡I』,岩波書店,2004,9784000022075
125,橋本伸也,『記憶の政治：ヨーロッパの歴史認識論争』,岩波書店,2016,978-4-00-061124-4
127,御園 謙吉 ・良永 康平,『よくわかる統計学　 Ⅱ経済統計編　第２版』,ミネルヴァ書房,2011,978-4623061129
129,Reed Wicander and James S. Monroe,Historical Geology,Brooks/Cole Cengage Learning,2010,13:978-0- 495-56007- 4
131,白川成昭・宮次男,『地獄』,風濤社,1980,ISBN-13: 978-4892190957
133,川口幸也（編）,『展示の政治学』,水声社,2009,""
134,辻一郎,『のばそう健康寿命』,岩波書店,2004,4007001030
140,日向野幹也,『大学教育アントレプレナーシップ―新時代のリーダーシップの涵養』,ナカニシヤ出版,2013,978-4779507755
140,ジェームズ・M・クーゼス,『リーダーシップ・チャレンジ』,海と月社,2014,978-4903212470
143,日本オリンピック・アカデミー編,『JOAオリンピック小事典』,メディア・パル,2016,""
143,瀬戸邦彦・杉山千鶴編,『近代日本の身体表象―演じる身体・競う身体』,森話社,2013,""
143,新井博・榊原浩晃編,『スポーツの歴史と文化　スポーツ史を学ぶ』,道和書院,2012,""
143,阿部生雄編,『スポーツの世界地図』,丸善出版,2012,""
146,日本テニス協会,『テニス指導教本Ⅰ』,大修館書店,2015,4469267856
148,エマニュエル・トッド,『問題は英国ではない、EUなのだ』,文春新書,2016年,978-4-16-661093-8
148,ケネス・ポメランツ、スティーヴン・トピック,『グローバル経済の誕生―貿易が作り変えたこの世界』,筑摩書房,2013年,978-4-480-86723-0
148,渋谷博史、河崎信樹、田村太一編,『世界経済とグローバル化』,学文社,2013年,978-4-7620-2334-7
148,中尾茂夫,『世界の経済―グローバリゼーション500年の歴史から何を学ぶか』,文眞堂,2013年,978-4-8309-4789-6
148,村井吉敬,『エビと日本人Ⅱ―暮らしのなかのグローバル化』,岩波書店,2007年,978-4-00-431108-9
148,森岡孝二,『雇用身分社会』,岩波書店,2015年,978-4-00-431568-1
152,城戸毅,『百年戦争 : 中世末期の英仏関係』,刀水書房,2010,9784887083790
152,Erik Inglis,Jean Fouquet and the invention of France : art and nation after the Hundred Years War,Yale University Press,2011,9780300134438
152,ブルゴーニュ公国史研究会,『ブルゴーニュ国家の形成と変容 : 権力・制度・文化』,北海道大学出版会,2012,9784832967724
152,佐々木英也、富永良子,『世界美術大全集西洋編　第10巻　ゴシック』,小学館,1995,4096010103
153,中北浩爾,『自民党政治の変容』,NHK出版,2014,""
153,北山俊哉ほか,『はじめて出会う政治学』,有斐閣,2009,""
155,ウィリアム・バイナム,『医学の歴史』,丸善出版,2015,978-4621089422
155,ロイ・ポーター,『狂気』,岩波書店,2006,978-4000268882
156,辻一郎,『のばそう健康寿命』,岩波書店,2004,4007001030
157,土井守・松原隆彦,『宇宙のダークエネルギー - 「未知なる力」の謎を解く』,光文社新書,2011,4334036422
157,村山斉,『宇宙は何でできているのか　素粒子物理学で解く宇宙の謎』,幻冬舎,2010,9784344981881
157,嶺重慎・小久保英一郎編著,『宇宙と生命の起源 - ビッグバンから人類誕生まで』,岩波ジュニア新書,2004,4005004776
157,小平桂一,『宇宙の果てまで - すばる大望遠鏡プロジェクト20年の軌跡』,早川書房,2006,4150503087
157,竹内淳,『高校数学でわかるシュレディンガー方程式―量子力学を学びたい人、ほんとうに理解したい人へ』,ブルーバックス,2005,4062574705
161,岩井浩・福島利夫・菊地進・藤江昌嗣編著,『格差社会の統計分析』,北海道大学出版会,2009年 3000円+税,""
164,ライラ・アハメド,『イスラームにおける女性とジェンダー―近代論争の歴史的根源』,法政大学出版会,2000,""
164,河田尚子編,『イスラームと女性 (イスラーム信仰叢書）』,国書刊行会,2011,""
169,藤田省三,『藤田省三著作集 7　戦後精神の経験Ⅰ』,みすず書房,1998年,4-662-03107-8
169,山崎今朝弥著、森長英三郎編,『地震・憲兵・火事・巡査』,岩波書店,1982年,978-4003316016
169,北河賢三,『戦後史のなかの生活記録運動』,岩波書店,2014年,978-4000260008
169,小田　実,『何でも見てやろう』（親版は1961年に河出書房新社から刊行）,講談社,1979年,978-4061315839
170,W. D. ダーヴィス,『イエスの山上の説教』,教文館,1991,4764280353
170,井上良雄,『山上の説教：終末時を生きる』,新教出版社,1994,4400511472
170,H. ヴェーダー,『山上の説教：その歴史的意味と今日的解釈』,日本キリスト教団出版局,2007,9784818406513
170,U. ルツ,『マタイによる福音書』（EKK新約聖書註解I/4）,教文館,2009,9784764214132
170,H.D. Betz,"The Sermon on the Mount : a commentary on the Sermon on the Mount, including the Sermon on the Plain (Matthew 5:3-7:27 and Luke 6:20-49)",Fortress Press,1995,0800660315
170,E. Baasland,Parables and rhetoric in the Sermon of the Mount : new approaches to a classical text,Mohr Siebeck,2015,9783161541025
170,M. Konradt,Das Evangelium nach Matthäus,Vandenhoeck & Ruprecht,2015,9783525513415
171,日本武術太極拳連盟,『太極拳実技テキスト』,日本武術太極拳連盟,2013年,""
173,金子正子,『日本シンクロ栄光の軌跡』,出版芸術社,2008,""
173,小谷実可子,『小谷実可子のママといっしょにかんたんスイミング』,メディアファクトリー,2011,""
173,小谷実可子,『ドルフィン・ピープル』,近代文芸社,1998,""
173,小谷実可子,『小谷実可子の一筆啓上』,中日新聞社,2004,""
175,金子正子,『日本シンクロ栄光の軌跡』,出版芸術社,2008,""
175,小谷実可子,『小谷実可子のママといっしょにかんたんスイミング』,メディアファクトリー,2011,""
175,小谷実可子,『ドルフィン・ピープル』,近代文芸社,1998,""
175,小谷実可子,『小谷実可子の一筆啓上』,中日新聞社,2004,""
176,日本テニス協会,『テニス指導教本Ⅰ』,大修館書店,2015,4469267856
190,小林標,『ラテン語の世界――ローマが残した無限の遺産』,中央公論新社,2006,9784121018335
190,寺澤盾,『英語の歴史――過去から未来への物語』,中央公論新社,2008,9784121019714
190,本村凌二,『はじめて読む人のローマ史1200年』,祥伝社,2014,9784396113667
200,ルソー,『エミール』,岩波文庫,1962-4,""
200,フーコー,『監獄の誕生』,新潮社,1977,""
200,ロールズ,『正義論』,紀伊國屋書店,2010,""
202,前田　勇編著,『新現代観光総論』,学文社,2015,""
202,立教大学観光学部旅行産業研究会編著,『旅行産業論』,公益財団法人 日本交通公社,2016,""
213,日本武術太極拳連盟,『太極拳実技テキスト』,日本武術太極拳連盟,2013年,""
215,野口三千三,『原初生命体としての人間』,岩波書店,2003,4-00-603080-0
215,羽鳥操,『野口体操入門 からだからのメッセージ』,岩波書店,2015,978-4-00-603287-6
215,羽鳥操,『野口体操 感覚こそ力』,春秋社,2002,4-393-31268-6
215,野口三千三,『野口体操 からだに貞く』,春秋社,2002,978-4-393-31285-8
215,野口三千三,『野口体操 おもさに貞く』,春秋社,2002,4-393-31270-8
215,羽鳥操,『野口体操 ことばに貞く-野口三千三語録』,春秋社,2004,4-393-31282-1
215,羽鳥操,『野口体操 マッサージから始める』,筑摩書房,2012,978-4-480-42992-6
216,野口三千三,『原初生命体としての人間』,岩波書店,2003,4-00-603080-0
216,羽鳥操,『野口体操入門 からだからのメッセージ』,岩波書店,2015,978-4-00-603287-6
216,羽鳥操,『野口体操 感覚こそ力』,春秋社,2002,4-393-31268-6
216,野口三千三,『野口体操 からだに貞く』,春秋社,2002,978-4-393-31285-8
216,野口三千三,『野口体操 おもさに貞く』,春秋社,2002,4-393-31270-8
216,羽鳥操,『野口体操 ことばに貞く-野口三千三語録』,春秋社,2004,4-393-31282-1
216,羽鳥操,『野口体操 マッサージから始める』,筑摩書房,2012,978-4-480-42992-6
217,金子正子,『日本シンクロ栄光の軌跡』,出版芸術社,2008,""
217,小谷実可子,『小谷実可子のママといっしょにかんたんスイミング』,メディアファクトリー,2011,""
217,小谷実可子,『ドルフィン・ピープル』,近代文芸社,1998,""
217,小谷実可子,『小谷実可子の一筆啓上』,中日新聞社,2004,""
218,金子正子,『日本シンクロ栄光の軌跡』,出版芸術社,2008,""
218,小谷実可子,『小谷実可子のママといっしょにかんたんスイミング』,メディアファクトリー,2011,""
218,小谷実可子,『ドルフィン・ピープル』,近代文芸社,1998,""
218,小谷実可子,『小谷実可子の一筆啓上』,中日新聞社,2004,""
219,公財）日本テニス協会,『テニス指導教本Ⅰ』,大修館書店,2015年,9784469267853
219,公財）日本テニス協会,『JTA TENNIS RULE BOOK 2017』,日本テニス協会,2017年,""
219,別府諸兄監訳,『テニスパフォーマンスのための実践トレーニングガイド』,ナップ,2008年,978-4-931411-76-0
219,澁谷隆良,『指導者のためのテニスの科学と応用』,ブックハウスHD,2010年,978-4-938335-51-9
219,ブラッド・ギルバート，スティーブ・ジェイミソン；宮城淳訳,『ウイニング・アグリー』,日本文化出版,1997年,978-4-89084-022-2
223,"Assaf Yasur-Landau, Jennie R. Ebeling and Laura B. Mazow, eds.,",『Household Archaeology in Ancient Israel and Beyonde』,Brill,2011,978-9004206250
223,上智大学キリスト教文化研究所編,『聖書の世界を発掘する』,リトン,2015,978-4-86376-045-5
223,杉本智俊,『図説 聖書考ヴィジュアルBOOK　旧約聖書の時代と世界古学 旧約篇』,河出書房新社,2008,978-4309761121
223,長谷川修一編,『考古学からみた聖書の世界』,聖公会出版,2014,978-4882742609
223,Avraham Faust,『The Archaeology of Israelite Society in Iron Age II』,Eisenbrauns,2012,978-1-57506-179-5
223,Anson Rainey and R. S. Notley,『The Sacred Bridge. 2nd Edition』,Carta,2015,978-9652208491
223,"Thomas E. Levy, ed.,",『The Archaeology of Society in the Holy Land』,Leicester University Press,1995,0-7185-0165-9
224,"Assaf Yasur-Landau, Jennie R. Ebeling and Laura B. Mazow, eds.,",『Household Archaeology in Ancient Israel and Beyonde』,Brill,2011,978-9004206250
224,上智大学キリスト教文化研究所編,『聖書の世界を発掘する』,リトン,2015,978-4-86376-045-5
224,杉本智俊,『図説 聖書考ヴィジュアルBOOK　旧約聖書の時代と世界古学 旧約篇』,河出書房新社,2008,978-4309761121
224,長谷川修一編,『考古学からみた聖書の世界』,聖公会出版,2014,978-4882742609
224,Avraham Faust,『The Archaeology of Israelite Society in Iron Age II』,Eisenbrauns,2012,978-1-57506-179-5
224,Anson Rainey and R. S. Notley,『The Sacred Bridge. 2nd Edition』,Carta,2015,978-9652208491
224,"Thomas E. Levy, ed.,",『The Archaeology of Society in the Holy Land』,Leicester University Press,1995,0-7185-0165-9
225,多田多恵子,『葉っぱ博物館』,山と渓谷社,2003,978-4-635-06323-4
225,新開孝,『虫のしわざ観察ガイド』,文一総合出版,2016,978-4-8299-7203-8
225,多田多恵子,『増補改訂・植物の生態図鑑』,学研,2010,978-4-05-203130-4
225,岩瀬徹・大野啓一,『写真で見る植物用語』,全国農村教育協会,2004,4-88137-107-x C2645
225,岩瀬徹・川名興,『校庭の樹木 (野外観察ハンドブック) 』,全国農村教育協会,1991,4-88137-040-5
225,林将之,『樹木の葉』,山と渓谷社,2014,978-4-635-07032-4
225,田中義弘・鈴木信夫,『校庭の昆虫』,全国農村教育協会,1999,88137-073-1
226,多田多恵子,『葉っぱ博物館』,山と渓谷社,2003,978-4-635-06323-4
226,新開孝,『虫のしわざ観察ガイド』,文一総合出版,2016,978-4-8299-7203-8
226,多田多恵子,『増補改訂・植物の生態図鑑』,学研,2010,978-4-05-203130-4
226,岩瀬徹・大野啓一,『写真で見る植物用語』,全国農村教育協会,2004,4-88137-107-x C2645
226,岩瀬徹・川名興,『校庭の樹木 (野外観察ハンドブック) 』,全国農村教育協会,1991,4-88137-040-5
226,林将之,『樹木の葉』,山と渓谷社,2014,978-4-635-07032-4
226,田中義弘・鈴木信夫,『校庭の昆虫』,全国農村教育協会,1999,88137-073-1
228,松本弘（編著）,『現代アラブを知るための56章』,明石書店,2013,9784750338446
233,フランク・タネンバウム,『アメリカ圏の黒人奴隷ー比較文化史的試み』,彩光社,1980,""
233,エドワード・E・テルズ,『ブラジルの人種的不平等－多人種国家における偏見と差別の構造』,明石書店,2011,""
233,川島浩平、竹沢泰子編,『人種神話を解体する3－「血」の政治学を越えて』,東京大学出版会,2016,""
234,鏡味治也,『キーコンセプト 文化』,世界思想社,2010,978-4-7907-1493-4
239,荒木尚志,『労働法［第3版］』,有斐閣,2016年,978-4641144880
239,菅野和夫,『労働法［第11版］』,弘文堂,2016年,978-4335304729
239,水町勇一郎,『労働法［第6版］』,有斐閣,2016年,978-4641144873
240,E.H. ゴンブリッチ [著] ; 天野衛 [ほか] 翻訳,『美術の物語』,ファイドン,2011,9784864410069
240,青柳正規ほか,『西洋美術館』,小学館,1999,4096997056
240,水野千依,『キリストの顔：イメージ人類学序説」,筑摩書房,2014,9784480016010
240,池上俊一,『公共善の彼方に : 後期中世シエナの社会』,名古屋大学出版会,2014,9784815807658
240,"加藤磨珠枝, 益田朋幸",『西洋美術の歴史　中世I　キリスト教美術の誕生とビザンティン世界』,中央公論新社,2016,9784124035926
240,加藤磨珠枝編,『教皇庁と美術』,竹林舎,2015,9784902084412
240,中島公子,『お話文芸思潮 : ヨーロッパ文化の源泉』,青山社,2004,4883591093
241,ランドル・コリンズ,『脱常識の社会学［第二版］』,岩波書店,2013,978-4006002848
241,アンソニー・ギデンズ,『社会学［第五版］』,而立書房,2009,978-4880593500
241,奥村隆,『社会学の歴史Ⅰ』,有斐閣,2014,978-4641220393
242,古川孝順,『福祉ってなんだ』,岩波ジュニア新書,2008,978-4-00-500583-3
242,牧里毎治・杉岡直人・森本佳樹編,『ビギナーズ地域福祉』,有斐閣,2013,978-4-641-12486-8
242,室田保夫編,『人物でよむ近代日本社会福祉のあゆみ』,ミネルヴァ書房,2006,978-4-623-04519-8
242,坂田周一監修,『新・コミュニティ福祉学入門』,有斐閣,2013,978-4-641-18413-8
244,Michael Marquardt,"Optimizing the Power of Action Learning: Real-Time Strategies for Developing Leaders, Building Teams and Transforming Organizations",Nicholas Brealey,2011,978-1904838333
244,Adams Marilee,"Change Your Questions, Change Your Life: 12 Powerful Tools for Leadership, Coaching, and Life",Berrett-Koehler Pub,2016,978-1626566330
244,James M. Kouzes and Barry Z. Posner,The Leadership Challenge: How to Make Extraordinary Things Happen in Organizations,Jossey-Bass,2012,978-0470651728
245,Michael Marquardt,"Optimizing the Power of Action Learning: Real-Time Strategies for Developing Leaders, Building Teams and Transforming Organizations",Nicholas Brealey,2011,978-1904838333
245,Adams Marilee,"Change Your Questions, Change Your Life: 12 Powerful Tools for Leadership, Coaching, and Life",Berrett-Koehler Pub,2016,978-1626566330
245,James M. Kouzes and Barry Z. Posner,The Leadership Challenge: How to Make Extraordinary Things Happen in Organizations,Jossey-Bass,2012,978-0470651728
247,堀越喜晴,『バリアオーバーコミュニケーション―心に風を通わせよう』,サンパウロ,2009,4805670363
249,野口三千三,『原初生命体としての人間』,岩波書店,2003,4-00-603080-0
249,羽鳥操,『野口体操入門 からだからのメッセージ』,岩波書店,2015,978-4-00-603287-6
249,羽鳥操,『野口体操 感覚こそ力』,春秋社,2002,4-393-31268-6
249,野口三千三,『野口体操 からだに貞く』,春秋社,2002,978-4-393-31285-8
249,野口三千三,『野口体操 おもさに貞く』,春秋社,2002,4-393-31270-8
249,羽鳥操,『野口体操 ことばに貞く-野口三千三語録』,春秋社,2004,4-393-31282-1
249,羽鳥操,『野口体操 マッサージから始める』,筑摩書房,2012,978-4-480-42992-6
250,野口三千三,『原初生命体としての人間』,岩波書店,2003,4-00-603080-0
250,羽鳥操,『野口体操入門 からだからのメッセージ』,岩波書店,2015,978-4-00-603287-6
250,羽鳥操,『野口体操 感覚こそ力』,春秋社,2002,4-393-31268-6
250,野口三千三,『野口体操 からだに貞く』,春秋社,2002,978-4-393-31285-8
250,野口三千三,『野口体操 おもさに貞く』,春秋社,2002,4-393-31270-8
250,羽鳥操,『野口体操 ことばに貞く-野口三千三語録』,春秋社,2004,4-393-31282-1
250,羽鳥操,『野口体操 マッサージから始める』,筑摩書房,2012,978-4-480-42992-6
254,手塚富雄・神品芳夫,『増補　ドイツ文学案内』,岩波書店,1993,4-00-350003-2
259,J.ピネル,『バイオサイコロジー』,西村書店,2005,4890133356
259,ミチオ・カク,『フューチャー・オブ・マインド：心の未来を科学する』,NHK出版,2015,978-4140816660
259,デイヴィッド ・イーグルマン,『あなたの知らない脳：意識は傍観者である』,早川書房,2016,978-4150504755
261,佐藤初女,『いのちをむすぶ』,集英社,2016年,978-4-08-781602-0
261,大沢啓徳,『民藝の哲学--柳宗悦論』,ミネルヴァ書房,2017年（5月刊行予定）,""
264,石井米雄・桜井由躬雄編,『東南アジア史Ⅰ』,山川出版社,2004,4-634-41350-7
264,池端雪浦編,『東南アジアⅡ』,山川出版社,2004,4-634-41360-4
266,Saitama Prefecture,Profile of Saitama Prfecture,Saitama Prefecture,"",""
266,Saitama Prefecture,Chance Maker Saitama,Saitama Prefecture,2014,""
266,Sumiko Enbutsu,CHICIBU-Japan's Hidden Treasure,CHARLES E. TUTTLE COMPANY,1990,0-8048-1646-8
269,尾関周二・亀山純生・武田一博・穴見愼一編著,『〈農〉と共生の思想―＜農＞の復権の哲学的探求』,農林統計出版,2011,978-4-89732-229-2
269,尾関周二・武田一博編,『環境哲学のラディカリズム―3.11をうけとめ脱近代へ向けて』,学文社,2012,978-4-7620-2320-0
269,上柿崇英・尾関周二編,『環境哲学と人間学の架橋―現代社会における人間の解明』,世織書房,2015,978-4-902163-78-0
270,加藤秀一・石田仁・海老原暁子,『図解雑学 ジェンダー』,ナツメ社,2005年,978-4816339028
270,絹川久子,『ジェンダーの視点で読む聖書』,日本基督教団出版局,2002年,978-4818404373
270,ボーヴォワール、 『第二の性』を原文で読み直す会訳,『決定版 第二の性』,新潮社,2001年,978-4102124109
270,若桑みどり,『お姫様とジェンダー』,筑摩書房,2003年,978-4480061157
272,日向野幹也,『大学教育アントレプレナーシップ―新時代のリーダーシップの涵養』,ナカニシヤ出版,2013,978-4779507755
272,ジェームズ・M・クーゼス,『リーダーシップ・チャレンジ』,海と月社,2014,978-4903212470
273,日向野幹也,『大学教育アントレプレナーシップ―新時代のリーダーシップの涵養』,ナカニシヤ出版,2013,978-4779507755
274,日向野幹也,『大学教育アントレプレナーシップ―新時代のリーダーシップの涵養』,ナカニシヤ出版,2013,978-4779507755
275,日向野幹也,『大学教育アントレプレナーシップ―新時代のリーダーシップの涵養』,ナカニシヤ出版,2013,978-4779507755
276,日向野幹也,『大学教育アントレプレナーシップ―新時代のリーダーシップの涵養』,ナカニシヤ出版,2013,978-4779507755
277,日向野幹也,『大学教育アントレプレナーシップ―新時代のリーダーシップの涵養』,ナカニシヤ出版,2013,978-4779507755
278,日向野幹也,『大学教育アントレプレナーシップ―新時代のリーダーシップの涵養』,ナカニシヤ出版,2013,978-4779507755
279,日向野幹也,『大学教育アントレプレナーシップ―新時代のリーダーシップの涵養』,ナカニシヤ出版,2013,978-4779507755
280,日向野幹也,『大学教育アントレプレナーシップ―新時代のリーダーシップの涵養』,ナカニシヤ出版,2013,978-4779507755
286,Michael Barnet,Empire of Humanity,"","",""
286,Henry Dunant,Memory of Solferino,"","",""
286,Mary B. Anderson,Do No Harm: How aid can support peace – or war,"","",""
287,在田一則・竹下徹・見延庄士郎・渡部重十,『第2版・地球惑星科学入門』,北海道大学出版会,2015,978-4832982192
287,酒井治孝,『地球学入門』,東海大学出版会,2003,978-4486016151
287,大谷栄治・掛川武,『地球・生命－その起源と進化』,共立出版,2005,978-4320046450
287,ロバート・ヘイゼン,『地球進化 46億年の物語』,講談社,2014,978-4062578653
287,佐野貴司,『地球を突き動かす超巨大火山 新しい「地球学」入門』,講談社,2015,978-4062579254
287,藤岡換太郎・平田大二,『日本海の拡大と伊豆弧の衝突―神奈川の大地の生い立ち』,有隣堂,2014,978-4896602173
289,渡辺 一夫、鈴木 力衛,『フランス文学案内』,岩波書店 (岩波文庫),1990年,""
289,饗庭孝男ほか編,『新版　フランス文学史』,白水社,1992年,""
289,田村毅、塩川徹也編,『フランス文学史』,東京大学出版会,1995年,""
289,篠沢秀夫,『フランス文学案内：代表的作家の主要作品・文学史年表・翻訳文献等の立体的便覧』,朝日出版社,1996年,""
289,河盛 好蔵ほか,『プレシフランス文学史』,駿河台出版社,1997年,""
289,横山 安由美、朝比奈 美知子,『はじめて学ぶフランス文学史』,ミネルヴァ書房,2002年,""
289,佐々木真,『図説　フランスの歴史』,河出書房新社,2011年,""
291,野崎 歓,『文学と映画のあいだ』,東京大学出版会,2013,4130830597
291,レーモン・クノー,『地下鉄のザジ』,中央公論新社,1974,4122001366
291,マルグリット・デュラ,『緑の眼』,河出書房新社,1998,4309263453
291,ジャン・ルノワール,『イギリス人の犯罪』,青土社,1997,4791755766
291,ジャン・ルノワール,『ジョルジュ大尉の手帳』,青土社,1996,4791754905
293,立教学院史資料センター（編）,『立教大学の歴史』,立教大学,2007年,""
293,立教学院百二十五年史編纂委員会（編）,『BRICKS AND IVY―立教学院百二十五年史図録』,立教学院,2000年,""
295,ダンテ,『神曲 地獄篇』、平川祐弘訳,河出文庫,2008,978-4-309-46311-7
295,アルベルティ,『絵画論』　改訂新版、三輪福松訳,中央公論美術出版,2011,978-4-8055-0675-2
295,ヴァザーリ,『美術家列伝』、森田義之ほか監修、第一巻,中央公論美術出版,2014,978-4-8055-1601-0
295,ボッカッチョ,『デカメロン』、平川祐弘訳,河出書房新社,2012,978-4-309-20604-2
304,山本利春,『スポーツコンディショニング』,ベースボールマガジン社,2008,9784583100869
304,有賀誠司,『筋力トレーニング練習メニュー120』,池田書店,2010,9784262163383
306,日本バスケットボール協会編,『バスケットボール指導教本』改訂版上巻,大修館書店,"",ISBN978-4-469-26762-4
306,小野秀二監修,『考える力を伸ばす｢バスケットボール練習メニュー200｣』,池田書店,"",""
306,日本バスケットボール協会編,『バスケットボール指導教本』改訂版　下巻,大修館書店,"",ISBN978-4-469-26802-7
306,鈴木良和,『バスケットボールの教科書１』,ベースボールマガジン社,"",ISBN978-4-583-11058-5
308,森政稔,『変貌する民主主義』,ちくま新書,2008,948-4480064240
308,杉田敦,『デモクラシーの論じ方』,ちくま新書,2001,978-4480058942
309,エマニュエル・トッド,『問題は英国ではない、EUなのだ』,文春新書,2016年,978-4-16-661093-8
309,ケネス・ポメランツ、スティーヴン・トピック,『グローバル経済の誕生―貿易が作り変えたこの世界』,筑摩書房,2013年,978-4-480-86723-0
309,渋谷博史、河崎信樹、田村太一編,『世界経済とグローバル化』,学文社,2013年,978-4-7620-2334-7
309,中尾茂夫,『世界の経済―グローバリゼーション500年の歴史から何を学ぶか』,文眞堂,2013年,978-4-8309-4789-6
309,村井吉敬,『エビと日本人Ⅱ―暮らしのなかのグローバル化』,岩波書店,2007年,978-4-00-431108-9
309,森岡孝二,『雇用身分社会』,岩波書店,2015年,978-4-00-431568-1
314,"Tokita, Alison McQueen and David W. Hughes",The Ashgate Research Companion to Japanese Music,Ashgate,2008,""
315,石附実,『教育における比較と旅』,東信堂,2005,978-4887136250
315,土井清美,『途上と目的地： スペイン・サンティアゴ徒歩巡礼路 旅の民族誌』,春風社,2015,978-4861104664
316,金澤正剛,『キリスト教と音楽』,音楽之友社,2007,978-4-276-11058-8
316,バロック音楽研究会,『教会カンタータの成立と展開』,アカデミア・ミュージック,1995,4-87017-063-9
316,Friedrich Blume,Protestant church music: a history,Norton,1974,0393021769
319,吉澤夏子,『フェミニズムの困難』,勁草書房,"",""
319,吉澤夏子,『女であることの希望』,勁草書房,"",""
319,吉澤夏子,『「個人的なもの」と想像力』,勁草書房,"",""
320,田中治彦・萩原建次郎編,『若者の居場所と参加－ユースワークが築く新たな社会－』,東洋館出版社,2012年,""
321,入江公康,『眠られぬ労働者たち』,青土社,2008,978-4791763979
322,島田裕巳,『オウム：なぜ宗教はテロリズムを生んだのか』,トランスビュー,2001,""
322,村上春樹,『約束された場所で』,文藝春秋,1998,""
322,高橋英利,『オウムからの帰還』,草思社,1996,""
322,林郁夫,『オウムと私』,文藝春秋,1996,""
322,森岡正博,『宗教なき時代を生きるために』,法蔵館,1996,""
322,宮台真司,『終わりなき日常を生きろ』,ちくま文庫,1998,""
322,降幡賢一,『オウム法廷１〜１３』,朝日文庫,1998-2004,""
323,十川廣國,『【経営学イノベーション】1 経営学入門(第2版) 』,中央経済社,2013,978-4502475207
323,近能善範・高井文子,『コア・テキスト イノベーション・マネジメント』,新世社,2010,978-4883841585
323,一橋大学イノベーション研究センター,『イノベーション・マネジメント入門―マネジメント・テキスト(Kindle版)』,日本経済新聞出版社,2001,""
324,塚本伸一・堀耕治,『現代心理学への招待』,樹村房,2005,978-4883671168
328,日本オリンピック・アカデミー編,『JOAオリンピック小事典』,メディア・パル,2016,""
328,瀬戸邦彦・杉山千鶴編,『近代日本の身体表象―演じる身体・競う身体』,森話社,2013,""
328,新井博・榊原浩晃編,『スポーツの歴史と文化　スポーツ史を学ぶ』,道和書院,2012,""
328,阿部生雄編,『スポーツの世界地図』,丸善出版,2012,""
329,山本利春,『スポーツコンディショニング』,ベースボールマガジン社,2008,9784583100869
329,有賀誠司,『筋力トレーニング練習メニュー120』,池田書店,2010,9784262163383
331,日本バスケットボール協会編,『バスケットボール指導教本』改訂版上巻,大修館書店,"",ISBN978-4-469-26762-4
331,『小野秀二監修,考える力を伸ばす｢バスケットボール練習メニュー200｣』,池田書店,"",""
331,日本バスケットボール協会編,『バスケットボール指導教本』改訂版　下巻,大修館書店,"",ISBN978-4-469-26802-7
331,鈴木良和,『バスケットボールの教科書１』,ベースボールマガジン社,"",ISBN978-4-583-11058-5
332,山本利春,『スポーツコンディショニング』,ベースボールマガジン社,2008,9784583100869
332,有賀誠司,『筋力トレーニング練習メニュー120』,池田書店,2010,9784262163383
339,観世　寿夫,『心より心に伝ふる花』,角川ソフィア文庫,2008,""
339,石井　倫子,『能・狂言の基礎知識』,角川選書,2009,""
339,小林　保治,『能・狂言図典』,小学館,1999,""
340,熊谷重勝・内野一樹,『社会化の会計』,創成社,2011年,978-4-7944-1428-1
341,塚本伸一・堀耕治（編）,『現代心理学への招待』,樹村房,2005年,4-88367-116-X
341,無藤隆・岡本祐子・大坪治彦（編）,『よくわかる発達心理学第２版』,ミネルヴァ書房,2009年,978-4-623-05379-7
342,松本康,『都市社会学・入門』,有斐閣,2014,641-22015-7
345,森和代ほか,『よくわかる健康心理学』,ミネルバ書房,2012年,""
345,小杉正太郎,『ストレスと健康の心理学』,朝倉書店,2006年,""
345,山蔦圭輔,『ベーシック健康心理学』,ナカニシや出版,2015年,""
346,和田春樹・石坂浩一編,『岩波小辞典　現代韓国・朝鮮』,岩波書店,２００２,""
346,伊藤亜人ほか監修,『新版　韓国・朝鮮を知る事典』,平凡社,２０１４,""
346,石坂浩一編著,『北朝鮮を知るための５１章』,明石書店,２００６,""
347,中川正春他,『なぜ今、移民問題か』,2014,藤原書店,9784894349780
348,北川勝彦・高橋基樹,『現代アフリカ経済論』,ミネルヴァ書房,2014,978-4623071722
348,"Eriksen, T. H.",Globalization The Key Concepts,Bloomsbury,2014,978-0857857422
348,太田好信,『政治的アイデンティティの人類学』,昭和堂,2012,978-4812211663
348,松田素二,『アフリカ社会を学ぶ人のために』,世界思想社,2014,978-4790716167
351,金澤正剛,『中世音楽の精神史』,河出文庫,2015,978-4-309-41352-5
351,金澤正剛,『キリスト教と音楽』,音楽之友社,2007,978-4-276-11058-8
351,J.ハーパー（那須輝彦、佐々木勉訳）,『中世キリスト教の典礼と音楽』,教文館,2010,978-4-7642-7313-9
353,木村涼子・ 熊安貴美江・伊田久美子,『よくわかるジェンダー・スタディーズ―人文社会科学から自然科学まで (やわらかアカデミズム・わかるシリーズ)』,ミネルヴァ書房,2013年,4623065162
353,中村美亜,『クィア・セクソロジー―性の思いこみを解きほぐす』,インパクト出版会,2008年,4755401917
355,財団法人日本水泳連盟,『水泳コーチ教本』,大修館書店,2005,""
355,財団法人日本水泳連盟,『水泳指導教本』,大修館書店,2005,""
356,財団法人日本水泳連盟,『水泳コーチ教本』,大修館書店,2005,""
356,財団法人日本水泳連盟,『水泳指導教本』,大修館書店,2005,""
368,司馬遼太郎,『燃えよ剣』,新潮文庫,"",""
368,司馬遼太郎,『竜馬がゆく』,新潮文庫,"",""
370,BBC,Country Profile,"","",""
370,EIU,Country Report,"","",""
374,"島袋純 ,阿部浩己",『沖縄が問う日本の安全保障』,岩波書店,2015,9784000287548
374,"阿部浩己 ,藤本俊明 ,今井直",『テキストブック国際人権法』,日本評論社,2009,4535516367
376,島田裕巳,『オウム：なぜ宗教はテロリズムを生んだのか』,トランスビュー,2001,""
376,村上春樹,『約束された場所で』,文藝春秋,1998,""
376,高橋英利,『オウムからの帰還』,草思社,1996,""
376,林郁夫,『オウムと私』,文藝春秋,1996,""
376,森岡正博,『宗教なき時代を生きるために』,法蔵館,1996,""
376,宮台真司,『終わりなき日常を生きろ』,ちくま文庫,1998,""
376,降幡賢一,『オウム法廷１〜１３』,朝日文庫,1998-2004,""
379,唐木　清志 他監修、日本シティズンシップ教育フォーラム 編,『シティズンシップ教育で創る学校教育』,東洋館出版,2015,9784491031071
379,逸見・原田・藤枝編著　立教大学RSLセンター編集,『リベラルアーツとしてのサービスラーニングーシティズンシップを耕す教育ー』,北樹出版,2017,9784779305306
380,財団法人日本水泳連盟,『水泳コーチ教本』,大修館書店,2005,""
380,財団法人日本水泳連盟,『水泳指導教本』,大修館書店,2005,""
381,財団法人日本水泳連盟,『水泳コーチ教本』,大修館書店,2005,""
381,財団法人日本水泳連盟,『水泳指導教本』,大修館書店,2005,""
388,更科功,『化石の分子生物学』,講談社,2012,978-4-06-288166-1
388,更科功,『爆発的進化論』,新潮社,2016,978-4-10-610685-9
388,更科功,『宇宙からいかにヒトは生まれたか』,新潮社,2016,978-4-10-603781-8
388,更科功,『絵でわかるカンブリア爆発』,講談社,2016,978-4-06-154779-7
389,更科功,『化石の分子生物学』,講談社,2012,978-4-06-288166-1
389,更科功,『爆発的進化論』,新潮社,2016,978-4-10-610685-9
389,更科功,『宇宙からいかにヒトは生まれたか』,新潮社,2016,978-4-10-603781-8
389,更科功,『絵でわかるカンブリア爆発』,講談社,2016,978-4-06-154779-7
391,"Alex Betts and Gil Loescher eds,",Refugees in International Relations,Oxford University Press,2011,0199595623
391,Gil Loescher et al eds.,"Protracted Refugee Situations: Political, Human Rights and Security Implications,",United Nations Unyiversit,2008,"92-808-1158-4,"
392,David Keen,Useful Enemies: When Waging Wars Is More Important Than Winning Them,Yale University Press,2012,0300183712
392,"Herfried Münkler,",The New Wars,Polity,2005,0745633366
392,Mats Berdal & David Malone,Greed and Grievance: Economic Agendas in Civil Wars,nternational Peace Academy,2000,978-1-55587-868-9
392,Frances Stewart,Horizontal Inequalities and Conflict: Understanding Group Violence in Multiethnic Societies,"Palgrave Macmillan,",2010,978-1-349-35462-7
394,石坂浩一・福島みのり編,『現代韓国を知るための６０章』,明石書店,２０１４,9784750340821
394,趙景達,『植民地朝鮮と日本』,岩波書店,２０１３,9784004314639
396,藤林泰・宮内泰介・友澤悠季（編）,『宇井純セレクション3　加害者からの出発』,新泉社,2014,978-4787714039
396,"マイケル・ラプスレー （著）, 西原廉太 （監修）, 榊原芙美子・吉谷かおる （翻訳）",『記憶の癒し　アパルトヘイトとの闘いから世界へ』,聖公会出版,2014,978-4882742692
397,近能善範・高井文子,『コア・テキスト・イノベーション・マネジメント』,新世社,2012,978-4-88384-158-5
398,法眼健作,元国連事務次長　法眼健作回顧録,吉田書店,2015,""
398,横田洋三,国際人権入門 第2版,法律文化社,2013,""
398,赤阪清隆,世界のエリートは人前で話す力をどう身につけるか?,河出書房新社,2015,""
398,植木安弘,国連広報官に学ぶ問題解決力の磨き方,祥伝社新書,2015,""
399,法眼健作,元国連事務次長　法眼健作回顧録,吉田書店,2015,""
399,横田洋三,国際人権入門 第2版,法律文化社,2013,""
399,赤阪清隆,世界のエリートは人前で話す力をどう身につけるか?,河出書房新社,2015,""
399,植木安弘,国連広報官に学ぶ問題解決力の磨き方,祥伝社新書,2015,""
400,藤原帰一，大芝亮，山田哲也,『平和構築・入門』,有斐閣,2011,978-4-641-04994-9
400,加藤朗,『入門・リアリズム平和学』,勁草書房,2009,978-4-326-30177-5
400,広瀬佳一　湯沼剛,『平和構築へのアプローチ－ユーラシア紛争研究の最前線－』,"",2013,978-4-905497-18-9
401,道垣内弘人,『プレップ法学を学ぶ前に』,弘文堂,2010,978-4-335-31312-7
406,ドミンゲス・オルティス，アントニオ,『スペイン三千年の歴史』,昭和堂,2006,""
406,川成洋,『図説　スペインの歴史』,河出書房新社,1994,""
406,R. A. ストラドリング， M. ヴィンセント,『図説　世界文化地理大百科　スペイン・ポルトガル』,朝倉書店,1999,""
407,更科功,『化石の分子生物学』,講談社,2012,978-4-06-288166-1
407,更科功,『爆発的進化論』,新潮社,2016,978-4-10-610685-9
407,更科功,『宇宙からいかにヒトは生まれたか』,新潮社,2016,978-4-10-603781-8
407,更科功,『絵でわかるカンブリア爆発』,講談社,2016,978-4-06-154779-7
410,逸見・原田・藤枝編著　立教大学RSLセンター編集,『リベラルアーツとしてのサービスラーニングーシティズンシップを耕す教育ー』,北樹出版,2017,9784779305306
412,長尾龍一,『法学ことはじめ　新版』,慈学社,2007年,""
412,田中成明,『法学入門 新版』,有斐閣,2016年,""
413,畑村洋太郎,『失敗学 : 最新図解 : 失敗から学び、創造に生かす』,ナツメ社,2015,9784816358951
413,キャス・サンスティーン,『インターネットは民主主義の敵か』,毎日新聞社,2003,4620316601
413,スタンリー・J・バランほか,『マス・コミュニケーション理論 : メディア・文化・社会 （上）』,新陽社,2007,9784788510500
413,スタンリー・J・バランほか,『マス・コミュニケーション理論 : メディア・文化・社会 （下）』,新陽社,2007,9784788510517
413,クリス・アンダーソン,『ロングテール（アップデート版） : 「売れない商品」を宝の山に変える新戦略』,早川書房,2009,9784153200043
413,Ｇ．Ｗ．オルポート、Ｌ.ポストマン,『デマの心理学』,岩波書店,1952/2008,9784000271578
415,防衛研究所,『中国安全保障レポート2014』,防衛研究所,2015,9784864820264
415,防衛研究所,『中国安全保障レポート2016』,防衛研究所,2016,9784864820394
415,防衛研究所,『中国安全保障レポート2017』,防衛研究所,2017,""
415,財団法人霞山会,『東亜』,霞山会,月刊誌,""
415,安田淳／門間理良,『台湾をめぐる安全保障』,慶應義塾大学出版会,2016,9784766423167
415,川島真他,『日台関係史1945-2008』,東京大学出版会,2009,9784130322119
416,日向野幹也,『大学教育アントレプレナーシップ』,ナカニシヤ出版,2013,4779507758
416,石川淳,『シェアド・リーダーシップ』,中央経済社,2016,4502203513
416,金井壽宏（監訳）,『リーダーシップ開発ハンドブック』,白桃書房,2011,4561245464
416,舘野泰一・中原淳編著,『アクティブトランジション 働くためのウォーミングアップ』,三省堂,2016,4385365628
416,中原淳,『研修開発入門 会社で「教える」、競争優位を「つくる」』,ダイヤモンド社,2014,4478027250
420,グロービス経営大学院,『グロービスMBAマネジメント・ブック（改訂３版）』,ダイヤモンド社,2008,447800496X
424,財団法人日本水泳連盟,『水泳コーチ教本』,大修館書店,2005,""
424,財団法人日本水泳連盟,『水泳指導教本』,大修館書店,2005,""
426,財団法人日本水泳連盟,『水泳コーチ教本』,大修館書店,2005,""
426,財団法人日本水泳連盟,『水泳指導教本』,大修館書店,2005,""
431,更科功,『化石の分子生物学』,講談社,2012,978-4-06-288166-1
431,更科功,『爆発的進化論』,新潮社,2016,978-4-10-610685-9
431,更科功,『宇宙からいかにヒトは生まれたか』,新潮社,2016,978-4-10-603781-8
431,更科功,『絵でわかるカンブリア爆発』,講談社,2016,978-4-06-154779-7
437,酒井啓子,『酒井啓子『中東から世界が見える:イラク戦争から「アラブの春」へ』,岩波書店,2014,978-4-005-007677
437,佐藤次高,『イスラーム　知の営み』,山川出版社,2009,978-4-634-47461-1
443,亀川雅人,『10代からはじめる株式会社計画』,創成社,2008,978-4794422934
443,大平浩二 編著,『ステークホルダーの経営学<第2版>』,中央経済社,2016,978-4502186615
443,一般社団法人日本経営協会 監修,『経営学検定試験公式テキスト①経営学の基本』,中央経済社,2015,978-4502124211
443,粟屋仁美,『CSRと市場―市場機能におけるCSRの意義』,立教大学出版会,2012,978-4901988193
452,財団法人日本水泳連盟,『水泳コーチ教本』,大修館書店,2005,""
452,財団法人日本水泳連盟,『水泳指導教本』,大修館書店,2005,""
453,財団法人日本水泳連盟,『水泳コーチ教本』,大修館書店,2005,""
453,財団法人日本水泳連盟,『水泳指導教本』,大修館書店,2005,""
458,日本バスケットボール協会編,『バスケットボール指導教本』改訂版上巻,大修館書店,"",ISBN978-4-469-26762-4
458,小野秀二監修,『考える力を伸ばす｢バスケットボール練習メニュー200｣』,池田書店,"",""
458,日本バスケットボール協会編,『バスケットボール指導教本』改訂版　下巻,大修館書店,"",ISBN978-4-469-26802-7
458,鈴木良和,『バスケットボールの教科書１』,ベースボールマガジン社,"",ISBN978-4-583-11058-5
461,日本バスケットボール協会編,『バスケットボール指導教本』,大修館書店,"",ISBN978-4-469-26488-3
461,小野秀二監修,考える力を伸ばす『バスケットボール練習メニュー200』,池田書店,"",""
465,梶　雅範,『科学者ってなんだ？』,丸善出版,2007,ISBN978-4-621-07890-7
466,ミクロス・ヴェトー、今村純子訳,『シモーヌ・ヴェイユの哲学』,慶應義塾大学出版会,2006,978-4766412628
466,シモーヌ・ヴェイユ、今村純子訳,『前キリスト教的直観』,法政大学出版局,2011,978-4588009648
466,今村純子編,『現代詩手帖特集版　シモーヌ・ヴェイユ』,思潮社,2011,978-4783718680
479,日本武術太極拳連盟,『太極拳実技テキスト』,日本武術太極拳連盟,2013年,""
481,日本バスケットボール協会編,『バスケットボール指導教本』改訂版上巻,大修館書店,"",ISBN978-4-469-26762-4
481,小野秀二監修,『考える力を伸ばす｢バスケットボール練習メニュー200｣』,池田書店,"",""
481,日本バスケットボール協会編,『バスケットボール指導教本』改訂版　下巻,大修館書店,"",ISBN978-4-469-26802-7
481,鈴木良和,『バスケットボールの教科書１』,ベースボールマガジン社,"",ISBN978-4-583-11058-5
484,武田幸男・宮嶋博史・馬渕貞利,『朝鮮』,朝日出版社,1993,4-02-258496-3
484,朝鮮史研究会編,『朝鮮の歴史　新版』,三省堂,1995,4-385-35469-3
484,武田幸男編,『朝鮮史』,山川出版社,2000,4-634-41320-5
484,梶村秀樹,『朝鮮史－その発展』,明石書店,2007,978-4-7503-2575-0
484,田中俊明編,『朝鮮の歴史－先史から現代』,昭和堂,2008,978-4-8122-0814-4
484,糟谷憲一・並木真人・林雄介,『朝鮮現代史』,山川出版社,2016,978-4-634-64085-6
486,武田幸男・宮嶋博史・馬渕貞利,『朝鮮』,朝日出版社,1993,4-02-258496-3
486,朝鮮史研究会編,『朝鮮の歴史　新版』,三省堂,1995,4-385-35469-3
486,武田幸男編,『朝鮮史』,山川出版社,2000,4-634-41320-5
486,梶村秀樹,『朝鮮史－その発展』,明石書店,2007,978-4-7503-2575-0
486,田中俊明編,『朝鮮の歴史－先史から現代』,昭和堂,2008,978-4-8122-0814-4
486,池明観,『新版韓国文化史』,明石書店,2011,9784750333380
490,辻佐保子編纂,『西欧初期中世の美術 世界美術大全集 西洋編7』,小学館,1997,4096010073
490,越宏一,『ヨーロッパ中世美術講義』,岩波書店,2001,4000266020
490,高階秀爾監修,『カラー版 西洋美術史』,美術出版社,2002,4568400643
490,加藤磨珠枝，益田朋幸,『西洋美術の歴史２中世Ⅰキリスト教美術の誕生とビザンティン世界』,中央公論新社,2016,9784124035926
491,ルーロフ・ファン・ストラーテン,『イコノグラフィー入門』,ブリュッケ,2002,4434024094
491,三浦　篤,『まなざしのレッスン①西洋伝統絵画』,東京大学出版会,2001,4130830309
491,エディ・デ・ヨング,『オランダ絵画のイコノロジー』,NHK出版,2005,4140093269
499,長谷川寿一・長谷川眞理子,『進化と人間行動』,東京大学出版,"",""
500,高橋和夫,『イスラム国の野望』,幻冬舎,2015,978-4-344-98370-0
500,池内恵,『イスラーム国の衝撃』,文藝春秋,2015,978-4-16-661013-6
500,池内恵,『サイクス＝ピコ協定　百年の呪縛』,新潮社,2016,978-4-10-603786-3
502,M.A. アームストロング,『対称性からの群論入門』,丸善出版,2012,978-4621061626
502,河野　俊丈,『結晶群』,共立出版,2015,978-4320111806
502,川﨑　徹郎,『文様の幾何学』,牧野書店,2014,978-4434199042
503,日本武術太極拳連盟,『太極拳実技テキスト』,日本武術太極拳連盟,2013年,""
504,日本バスケットボール協会編,『バスケットボール指導教本』改訂版上巻,大修館書店,"",ISBN978-4-469-26762-4
504,小野秀二監修,『考える力を伸ばす｢バスケットボール練習メニュー200｣』,池田書店,"",""
504,日本バスケットボール協会編,『バスケットボール指導教本』改訂版　下巻,大修館書店,"",ISBN978-4-469-26802-7
504,鈴木良和,『バスケットボールの教科書１』,ベースボールマガジン社,"",ISBN978-4-583-11058-5
510,佐藤卓己,『現代メディア史』,岩波書店,1998,978-4000260152
510,中野聡,『東南アジア占領と日本人――帝国・日本の解体』,岩波書店,2012,978-4000283755
510,河西晃祐,『大東亜共栄圏――帝国日本の南方体験』,講談社,2016,978-4062586344
511,関幸彦ら,『戦争の日本史』5～17巻,吉川弘文館,2006,4642063159
512,堀米庸三,『歴史をみる眼』,NHK出版,1964年,""
512,神山四郎,『歴史入門』,講談社,1965年,""
512,E. H. カー,『歴史とは何か』,岩波書店,1962年,""
512,小田中直樹,『歴史学ってなんだ？』,PHP研究所,2004年,""
512,遅塚忠躬,『史学概論』,東京大学出版会,2010年,""
513,岡村定矩,『シリーズ現代の天文学「人類の住む宇宙」』,日本評論社,2007,978-4535607217
515,ロドニー・スターク,『キリスト教とローマ帝国　小さなメシア運動が帝国に広がった理由』,新教出版社,2014,978-4400227236
515,保坂高殿,『ローマ史の中のクリスマス　異教世界とキリスト教１』,教文館,2005,978-4764265875
515,保坂高殿,『多文化空間のなかの古代教会 　異教世界とキリスト教２』,教文館,2005,978-4764265882
515,ジョン・Ｇ．ゲイジャー,『古代世界の呪詛板と呪縛呪文』,京都大学学術出版会,2015,978-4876988914
515,ジリアン・クラーク,『古代末期のローマ帝国: 多文化の織りなす世界』,白水社,2015,978-4560084090
515,長谷川 岳男/樋脇 博敏,『古代ローマを知る事典』,東京堂出版,2004,978-4490106480
515,Candida Moss,The Myth of Persecution: How Early Christians Invented a Story of Martyrdom,HarperOne,2014,978-0062104557
517,浅野智彦編,『検証・若者の変貌―失われた10年の後に』,勁草書房,2006,9784326653119
517,浅野智彦,『若者とは誰か―アイデンティティの30年』,河出書房新社,2013,9784309624617
517,川崎賢一・浅野智彦編著,『〈若者〉の溶解』,勁草書房,2016,9784326654048
518,長谷川寿一・長谷川眞理子,『進化と人間行動』,東京大学出版,"",""
522,Ronald A Walker,"Manual for UN Delegates: Conference Process, Procedures and Negotiation",UNITAR,"",""
523,長尾龍一,『法学ことはじめ　新版』,慈学社,2007年,""
523,田中成明,『法学入門 新版』,有斐閣,2016年,""
524,鳥飼玖美子編著,『よくわかる翻訳通訳学』,ミネルヴァ書房,2013,4623067270
525,ベアテ・シロタ・ゴードン著 ; 平岡磨紀子構成・文,『1945年のクリスマス : 日本国憲法に「男女平等」を書いた女性の自伝』,柏書房,1995,4760110771
525,松井茂記著,『マス・メディアの表現の自由』,日本評論社,2005,4535514879
525,須藤遙子著,自衛隊協力映画 : 『今日もわれ大空にあり』から『名探偵コナン』まで,大月書店,2013,9784272330812
525,井芹浩文著,『憲法改正試案集』,集英社,2008,9784087204421
529,山崎亮,『コミュニティ・デザインの時代』,中央公論新社,2012,4121021843
529,広井良典,『コミュニティを問いなおす』,筑摩書房,2009,4480065016
531,小玉重夫,『難民と市民の間でーハンナ・アレント『人間の条件』を読み直す』,現代書館,2013,4768410022
531,小玉重夫,『教育政治学を拓く』,勁草書房,2016,4326299118
531,逸見・原田・藤枝編著　立教大学RSLセンター編集,『リベラルアーツとしてのサービスラーニングーシティズンシップを耕す教育ー』,北樹出版,2017,9784779305306
535,公財）日本テニス協会,『テニス指導教本Ⅰ』,大修館書店,2015年,9784469267853
535,公財）日本テニス協会,『JTA TENNIS RULE BOOK 2017』,日本テニス協会,2017年,""
535,別府諸兄監訳,『テニスパフォーマンスのための実践トレーニングガイド』,ナップ,2008年,978-4-931411-76-0
535,澁谷隆良,『指導者のためのテニスの科学と応用』,ブックハウスHD,2010年,978-4-938335-51-9
535,ブラッド・ギルバート，スティーブ・ジェイミソン；宮城淳訳,『ウイニング・アグリー』,日本文化出版,1997年,978-4-89084-022-2
541,熊澤弘,『レンブラント　光と影のリアリティ―』,角川書店,2011,""
543,波平恵美子編,『文化人類学【カレッジ版】』,医学書院,2011,""
544,大磯仁志,『倫理・哲学の特別講義』,学習研究社,2009,ISBN-13: 978-4053029966
551,黒川みどり,『描かれた被差別部落』,岩波書店,2011,""
551,黒川みどり,『近代部落史』,平凡社新書,2011,""
552,黒川みどり,『描かれた被差別部落』,岩波書店,2011,""
552,黒川みどり,『近代部落史』,平凡社新書,2011,""
554,茂　牧人,『ハイデガーと神学』,知泉書館,2011年,978-4-86285-116-1
554,秋富、安部他編,『続・ハイデガー読本』,法政大学出版局,2016年,978-4-588-15077-7
555,下山晴彦,『よくわかる臨床心理学』,ミネルヴァ書房,2003,4623037096
562,公財）日本テニス協会,『テニス指導教本Ⅰ』,大修館書店,2015年,9784469267853
562,公財）日本テニス協会,『JTA TENNIS RULE BOOK 2017』,日本テニス協会,2017年,""
562,別府諸兄監訳,『テニスパフォーマンスのための実践トレーニングガイド』,ナップ,2008年,978-4-931411-76-0
562,澁谷隆良,『指導者のためのテニスの科学と応用』,ブックハウスHD,2010年,978-4-938335-51-9
562,ブラッド・ギルバート，スティーブ・ジェイミソン；宮城淳訳,『ウイニング・アグリー』,日本文化出版,1997年,978-4-89084-022-2
563,杉浦　雄策,『入門　スポーツ科学』,ナップ,2011,""
566,大島泰郎　編著,『先端技術と倫理(生命科学のための基礎シリーズ)』,実教出版,実教出版,4407024143
569,森敏昭・井上毅・松井孝雄,『グラフィック認知心理学』,サイエンス社,1995,978-4781907765
569,御領謙・江草浩幸・菊地正,『最新 認知心理学への招待―心の働きとしくみを探る （新心理学ライブラリ）』,サイエンス社,1993,978-4781907048
569,大山正・梅本尭夫,『視覚心理学への招待―見えの世界へのアプローチ （新心理学ライブラリ）』,サイエンス社,2000,978-4781909639
573,鈴木杜幾子,『ナポレオン伝説の形成 : フランス19世紀美術のもう一つの顔』,筑摩書房,1994,4480051988
573,鶴島博和,『バイユーの綴織 (タペストリ) を読む : 中世のイングランドと環海峡世界』,山川出版社,2015,9784634640726
573,池浩三,『パルテノンの世界 : その建築システムの復元的考察』,中央公論美術出版,2008,9784805505847
573,前川久美子,『巡礼としての絵画 : メディチ宮のマギ礼拝堂とゴッツォリの語りの技法』,工作舎,2009,9784875024217
573,松本典昭,『メディチ宮廷のプロパガンダ美術 : パラッツォ・ヴェッキオを読み解く』,ミネルヴァ書房,2015,9784623074228
574,Angela Lampe,Vues D'en Haut,Centre Pompidou-Metz,2013,978-2-35983-025-5
574,Beaumont Newhall,Airborne Camera,Hastings House,1969,""
574,西尾元充,『空中写真の世界』,中央公論社,1969,""
577,大磯仁志,『倫理・哲学の特別講義』,学習研究社,2009,ISBN-13: 978-4053029966
579,杉浦雄策,『入門スポーツ科学』,ナップ,2011,""
581,日本棋院,『実践囲碁総合演習』,日本棋院,2014,978-4-8182-0625-0
582,大上正直,『フィリピノ語文法入門』,白水社,2003,""
582,白野慎也,『旅の指さし会話帳⑭フィリピン』,情報センター,2005,""
583,Sheldon Garon,Molding Japanese Minds: The State in Everyday Life,Princeton University Press,1997,069100191X
583,"Andrew Gordon, ed.",Postwar Japan as History,University of California Press,1993,0520074742
583,"Anne E. Imamura, ed.",Re-Imagining Japanese Women,University of California Press,1996,0520202627
584,"Laura Hein and Mark Selden, eds.","Censoring History: Citizenship and Memory in Japan, Germany, and the United States",M. E. Sharpe,2000,0765604477
584,Michael J. Hogan ed.,Hiroshima in History and Memory,Cambridge University Press,1996,0521562066
584,Yoshikuni Igarashi,"Bodies of Memory: Narratives of War in Postwar Japanese Culture, 1945–1970",Princeton University Press,2000,0691049122
584,Akiko Takenaka,"Yasukuni Shrine: History, Memory, and Japan's Unending Postwar",University of Hawaii Press,2015,9780824846787
584,Yuki Tanaka,Japan's Comfort Women: Sexual Slavery and Prostitution during World War II and the US Occupation,Routledge,2002,0415194016
584,Yuma Totani,The Tokyo War Crimes Trial: The Pursuit of Justice in the Wake of World War II,Harvard University Press,2008,9780674028708
584,Takashi Yoshida,"The Making of the ""Rape of Nanking"": History and Memory in Japan, China, and the United States",Oxford University Press,2006,9780195383140
590,杉浦 雄策,『入門スポーツ科学』,ナップ,2011,""
597,公財）日本テニス協会,『テニス指導教本Ⅰ』,大修館書店,2015年,9784469267853
597,公財）日本テニス協会,『JTA TENNIS RULE BOOK 2017』,日本テニス協会,2017年,""
597,別府諸兄監訳,『テニスパフォーマンスのための実践トレーニングガイド』,ナップ,2008年,978-4-931411-76-0
597,澁谷隆良,『指導者のためのテニスの科学と応用』,ブックハウスHD,2010年,978-4-938335-51-9
597,ブラッド・ギルバート，スティーブ・ジェイミソン；宮城淳訳,『ウイニング・アグリー』,日本文化出版,1997年,978-4-89084-022-2
598,公財）日本テニス協会,『テニス指導教本Ⅰ』,大修館書店,2015年,9784469267853
598,公財）日本テニス協会,『JTA TENNIS RULE BOOK 2017』,日本テニス協会,2017年,""
598,別府諸兄監訳,『テニスパフォーマンスのための実践トレーニングガイド』,ナップ,2008年,978-4-931411-76-0
598,澁谷隆良,『指導者のためのテニスの科学と応用』,ブックハウスHD,2010年,978-4-938335-51-9
598,ブラッド・ギルバート，スティーブ・ジェイミソン；宮城淳訳,『ウイニング・アグリー』,日本文化出版,1997年,978-4-89084-022-2
602,久保文明編,『アメリカの政治　新版』,弘文堂,2013,""
602,西山隆行,『アメリカ政治』,三修社,2014,""
602,斉藤真・古矢旬,『アメリカ政治外交史、第二版』,東京大学出版会,2012,""
602,有賀貞,『ヒストリカルガイド・アメリカ　新版』,山川出版社,2012,""
603,小田垣雅也,『キリスト教の歴史』,講談社,1995,""
603,マーク・C・テイラー,『神の後にⅠ』,ぷねうま舎,2014,""
603,マーク・C・テイラー,『神の後にⅡ』,ぷねうま舎,2015,""
606,一柳富美子,『ムソルグスキー』,東洋書店,2007,978-4-88595-727-7
606,一柳富美子,『ラフマニノフ』,東洋書店,2012,978-4-86459-069-3
610,杉浦雄策,『入門スポーツ科学』,ナップ,2011,""
613,前原昭二,『記号論理入門』,日本評論社,"",""
613,野矢茂樹,『論理学』,東京大学出版会,"",""
613,戸田山和久,『論理学をつくる』,名古屋大学出版会,"",""
613,小野寛明,『情報科学における論理』,日本評論社,"",""
613,鹿島亮,『数理論理学』,朝倉書店,"",""
613,福山克,『数理論理学』,培風館,"",""
613,松本和夫,『数理論理学』,共立出版,"",""
618,若松英輔,『生きる哲学』,文春新書,2014,978-4-16-661001-3
618,佐藤初女,『いのちの森の台所』,集英社文庫,2013,978-4087450729
618,大沢啓徳,『民藝の哲学--柳宗悦論』,ミネルヴァ書房,2017（5月刊行予定）,""
625,公財）日本テニス協会,『テニス指導教本Ⅰ』,大修館書店,2015年,9784469267853
625,公財）日本テニス協会,『JTA TENNIS RULE BOOK 2017』,日本テニス協会,2017年,""
625,別府諸兄監訳,『テニスパフォーマンスのための実践トレーニングガイド』,ナップ,2008年,978-4-931411-76-0
625,澁谷隆良,『指導者のためのテニスの科学と応用』,ブックハウスHD,2010年,978-4-938335-51-9
625,ブラッド・ギルバート，スティーブ・ジェイミソン；宮城淳訳,『ウイニング・アグリー』,日本文化出版,1997年,978-4-89084-022-2
627,エーリッヒ・アウエルバッハ,『ミメーシス 上巻』,ちくま学芸文庫,1994,""
627,山我哲雄,『聖書時代史 旧約篇』,岩波現代文庫,2003,""
627,長谷川修一,『聖書考古学』,中公新書,2013,""
627,三宅隆太,『スクリプトドクターの脚本教室・中級篇』,新書館,2016,""
628,ヨセフス,『ユダヤ古代誌』,ちくま学芸文庫,1999,""
628,ヨセフス,『ユダヤ戦記』,ちくま学芸文庫,2002,""
628,エーリッヒ・アウエルバッハ,『ミメーシス 上巻』,ちくま学芸文庫,1994,""
628,佐藤研,『聖書時代史 新約篇』,岩波現代文庫,2003,""
628,三宅隆太,『スクリプトドクターの脚本教室・中級篇スクリプトドクターの脚本教室・中級篇』,新書館,2016,""
628,ジョーゼフ・キャンベル,『千の顔を持つ英雄 上下巻』,ハヤカワ・ノンフィクション文庫,2015,""
628,ジョーゼフ・キャンベル、ビル・モイヤーズ,『神話の力』,ハヤカワ・ノンフィクション文庫,2010,""
632,村田次郎,『「余剰次元」と逆二乗則の破れ』,講談社,2011,978-4062577168
633,波平恵美子編,『文化人類学【カレッジ版】』,医学書院,2011,""
634,アイスキュロス,『縛られたプロメーテウス』,岩波文庫,1974年,978-4003210437
634,ソポクレス,『オイディプス王』,岩波文庫,1967年,978-4003210529
634,エウリーピデース,『バッカイ─バッコスに憑かれた女たち』,岩波文庫,2013年,978-4003210635
634,プラトン,『ソークラテースの弁明・クリトーン・パイドーン』,新潮文庫,1968年,978-4102027011
634,マルティン・ハイデッガー,『ニーチェ〈1〉美と永遠回帰』,平凡社ライブラリー,1997年,978-4582761795
634,マルティン・ハイデッガー,『ニーチェ〈2〉ヨーロッパのニヒリズム』,平凡社ライブラリー,1997年,978-4582761849
634,ジル・ドゥルーズ,『ニーチェと哲学』,河出文庫,2008年,978-4309463100
636,本田宏・堀江孝司編,『脱原発の比較政治学』,法政大学出版局,2014,9784588625268
636,小熊英二他,『真剣に話しましょう―小熊英二対談集』,柏書房,2014,9784788513990
637,Toshihiko Izutsu,『Toward a Philosophy of Zen Buddhism』,Schambhala,2001,9781570626982
637,井筒俊彦著、野平宗弘訳,『禅仏教の哲学に向けて』,ぷねうま舎,2014,9784906791248
637,井筒俊彦,『井筒俊彦全集』,慶應義塾大学出版会,2013-2016,""
640,岩田靖夫,『ヨーロッパ思想入門』,岩波書店,2003年,978-4005004416
640,ジョージ マクドナルド著、富山太佳夫・富山芳子訳,『軽いお姫様』,青土社,1999年,978-4791757459
640,プラトン著、久保勉訳,『饗宴』,岩波書店,2008年,978-4003360132
640,佐野洋子,『100万回生きたねこ』,講談社,1976年,978-4061272743
640,サンテグジュペリ著、河野万里子訳,『星の王子さま』,新潮社,2006年,978-4102122044
640,ドストエフスキー著、原卓也訳,『カラマーゾフの兄弟』,新潮社,1978年,978-4102010105
640,島薗進,『宗教を物語でほどく』,NHK出版,2016年,978-4140884935
641,芝田英昭編,増補改訂基礎から学ぶ社会保障,自治体研究社,2016,ISBN978-4-88037-649-3
643,尾関周二・亀山純生・武田一博・穴見愼一編著,『〈農〉と共生の思想―＜農＞の復権の哲学的探求』,農林統計出版,2011,978-4-89732-229-2
643,尾関周二・武田一博編,『環境哲学のラディカリズム―3.11をうけとめ脱近代へ向けて』,学文社,2012,978-4-7620-2320-0
643,上柿崇英・尾関周二編,『環境哲学と人間学の架橋―現代社会における人間の解明』,世織書房,2015,978-4-902163-78-0
644,塚田理,『象徴天皇制とキリスト教』,新教出版社,1990年,ISBN4-400-54232-7
644,土肥昭夫,『キリスト教会と天皇制』,新教出版社,2012年,ISBN978-4-400-21319-2
644,土肥昭夫,『天皇とキリスト』,新教出版社,2012年,ISBN978-4-400-21317-8
644,武田清子,『天皇観の相剋』,岩波書店,2001年,ISBN4-00-600068-5
644,日本キリスト教史学会編,『戦時下のキリスト教』,教文館,2015年,ISBN978-4-7642-6992-7
644,富坂キリスト教センター編,『十五年戦争期の天皇制とキリスト教』,新教出版社,2007年,ISBN978-4-400-21301-7
650,清水諭(編),『オリンピック・スタディーズ：複数の経験・複数の政治』,せりか書房,2004,4-7976-0257-1
650,清水諭,『甲子園野球のアルケオロジー：スポーツの「物語」・メディア・身体文化』,新評論,1998,4-7948-0408-3
650,有元健・小笠原博毅(編),『サッカーの詩学と政治学』,人文書院,2005,4-409-04076-6
652,世界銀行,"『世界開発報告』(The World Bank,  World Development Report)","","",""
652,石渡幹夫,日本の防災、世界の災害,鹿島出版会,2016/10,4306094448
653,安原義人、大塚豊、羽田貴史,『大学と社会』,放送大学教育振興会,2008,ISBN978-4-595-30802-4
653,早田幸政、諸星裕、青野透,『高等教育論入門』,ミネルヴァ書房,2010,ISBN978-4-623-05897-6
656,立教学院史資料センター（編）,『立教大学の歴史』,立教大学,2007年,""
656,立教学院百二十五年史編纂委員会（編）,『BRICKS AND IVY―立教学院百二十五年史図録』,立教学院,2000年,""
658,逸見・原田・藤枝編著　立教大学RSLセンター編集,『リベラルアーツとしてのサービスラーニングーシティズンシップを耕す教育ー』,北樹出版,2017,9784779305306
666,日本化学会 編,『化学ってそういうこと』,化学同人,"",""
667,後藤俊彦・薗田綾子監修,『サステナビリティと本質的CSR』,三和書籍,2009年,ISBN978-4-86251-062-4C3030
667,Millennium Ecosystem Assessment編,『生態系サービスと人類の将来』,オーム社,2007年,ISBN978-4-274-20380-0C3050
667,大沼あゆみ・栗山浩一編,『生物多様性を保全する』,岩波書店,2015年,ISBN978-4-00-028794-4C0333
667,市川昌弘編,『ボルネオの里の環境学』,昭和堂,2013年,ISBN978-4-8122-1319-3C3036
667,沖縄生物研究会編,『フィールドガイド沖縄の生きものたち』,新星出版,2012年,ISBN978-4-905192-30-5C0645
667,K.ローレンツ,『文明化した人間の八つの大罪』,新思索社,1973年,ISBN4-7835-0212-9C0045
667,アレックス・カー,『犬と鬼』,講談社,2002年,ISBN4-06-208101-6C0036
668,後藤俊彦・薗田綾子監修,『サステナビリティと本質的CSR』,三和書籍,2009年,ISBN978-4-86251-062-4C3030
668,Millennium Ecosystem Assessment編,『生態系サービスと人類の将来』,オーム社,2007年,ISBN978-4-274-20380-0C3050
668,大沼あゆみ・栗山浩一編,『生物多様性を保全する』,岩波書店,2015年,ISBN978-4-00-028794-4C0333
668,市川昌弘編,『ボルネオの里の環境学』,昭和堂,2013年,ISBN978-4-8122-1319-3C3036
668,沖縄生物研究会編,『フィールドガイド沖縄の生きものたち』,新星出版,2012年,ISBN978-4-905192-30-5C0645
668,K.ローレンツ,『文明化した人間の八つの大罪』,新思索社,1973年,ISBN4-7835-0212-9C0045
668,アレックス・カー,『犬と鬼』,講談社,2002年,ISBN4-06-208101-6C0036
674,チャールズ・ホーマー・ハスキンズ,『大学の起源』,八坂書房,2009,9784896949476
674,吉見俊哉,『大学とは何か』,岩波書店,2011,9784004313182
674,金子元久,『大学の教育力―何を教え、学ぶか』,筑摩書房,2007,9784480063847
674,潮木守一,『キャンパスの生態誌―大学とは何だろう』,中央公論社,1986,9784121008220
676,倉橋滋樹他,『少女歌劇の光芒　ひとときの夢のあと』,青弓社,2005,4-7872-7201
676,津金澤聰廣,『宝塚戦略　小林一三の生活文化論』,講談社（現代新書）,1991,4-06-149050-8
676,中野正昭,『ムーラン・ルージュ新宿座　軽演劇の昭和小史』,森話社,2011,10- 4864050287
676,吉田弥生編著,『歌舞伎と宝塚歌劇―相反する、密なる百年』,開成社,2014,978-4-87603-483-3 C3074
676,中野正昭編著,『ステージ・ショウの時代』,森話社,2015,978-4-86405-085-2
676,神山彰編著,『商業演劇の光芒』,森話社,2014,978-4-86405-072-2
678,逸見・原田・藤枝編著　立教大学RSLセンター編集,『リベラルアーツとしてのサービスラーニングーシティズンシップを耕す教育ー』,北樹出版,2017年4月,978-4-7793-0530-6
679,岩崎／高野,『場の教育』,農文協,2010,978-4-540-09225-1
679,逸見・原田・藤枝編著　立教大学RSLセンター編集,『リベラルアーツとしてのサービスラーニングーシティズンシップを耕す教育ー』,北樹出版,2017,978-4-7793-0530-6
680,宮内泰介,『自分で調べる技術　市民のための調査入門』,岩波書店,2004,4-00-700117-0
680,文部科学省創造的復興教育研究会,『希望の教育』,東洋館出版社,2014,978-4-491-02998-6
680,逸見・原田・藤枝、立教サービスラーニングセンター,『リベラルアーツとしてのサービスラーニング－シティズンシップを耕す教育－』,北樹出版,2017,978-4-7793-0530-6
681,"Karunaratne, H. D. (Ed.).",A Journey in Harmony: Sixty Years of Japan-Sri Lanka Relations. Colombo: Faculty of Management and Finance.,University of Colombo and JAGAAS,2012,""
681,"Kelegama, S. (Ed.).",Economic Policy in Sri Lanka: Issues and Debates: A Festschrift in Honour of Gamani Corea. Colombo.,Sri Lanka: Vijitha Yapa,2004,""
681,"Kelegama, S., & Gunawardena, D. (Eds.).",Economic and Social Development under a Market Economy Regime in Sri lanka: Buddhadasa Hewavitharane Felicitation Volume 1.,Colombo: Vijitha Yapa,2011,""
681,"Lakshman, W. D. (Ed.).",Dilemmas of Development: Fifty years of Economic Chnage in Sri Lanka.,Colombo: Sri Lanka Association of Economists.,1997,""
681,"Lakshman, W. D. (Ed.).",The Distant Neighbours: Fifty Years of Japan-Sri Lanka Relations.,"Colombo: Faculty of Graduate Studies, University of Colombo.",2003,""
681,"Lakshman, W. D., & Tisdell, C. A.",Sri Lanka's Development Since Independence: Socio-Economic Perspectives and Analyses.,"Huntington, New York: Nova Science Publishers.",2002,""
681,"Ratnayake, P. (Ed.).",Lost Oppertunities: Sri Lanka's Economic Relationship with Japan. Homagama.,Sri Lanka: Karunaratne and Sons Ltd.,2004,""
691,社）日本プロゴルフ協会,『PGA基本ゴルフ教本』,"","",""
693,矢部京之助編著,『アダプテッド・スポーツの科学』,市村出版,2009,ISBN978-4-902109-01-6
